<?xml version="1.0" encoding="UTF-8" ?>
<!DOCTYPE mapper PUBLIC "-//mybatis.org//DTD Mapper 3.0//EN" "http://mybatis.org/dtd/mybatis-3-mapper.dtd" >
<mapper namespace="com.dtborad.myblog.mapper.PostsMapper" >
  <resultMap id="BaseResultMap" type="com.dtborad.myblog.entity.Posts" >
    <id column="PostID" property="postid" jdbcType="INTEGER" />
    <result column="Title" property="title" jdbcType="VARCHAR" />
    <result column="AuthorID" property="authorid" jdbcType="INTEGER" />
    <result column="PublishTime" property="publishtime" jdbcType="TIMESTAMP" />
    <result column="Tags" property="tags" jdbcType="VARCHAR" />
    <result column="Likes" property="likes" jdbcType="INTEGER" />
    <result column="Content" property="content" jdbcType="LONGVARCHAR" />
  </resultMap>
</mapper>