<?xml version="1.0" encoding="UTF-8"?>
<!DOCTYPE mapper PUBLIC "-//mybatis.org//DTD Mapper 3.0//EN" "http://mybatis.org/dtd/mybatis-3-mapper.dtd">
<mapper namespace="com.dtborad.myblog.mapper.UsersMapper">
  <resultMap id="BaseResultMap" type="com.dtborad.myblog.entity.Users">
    <id column="usersid" jdbcType="VARCHAR" property="usersid" />
    <result column="username" jdbcType="VARCHAR" property="username" />
    <result column="password" jdbcType="VARCHAR" property="password" />
    <result column="email" jdbcType="VARCHAR" property="email" />
    <result column="avatarPath" jdbcType="VARCHAR" property="avatarPath" />
    <result column="registerTime" jdbcType="DATE" property="registerTime" />
  </resultMap>

</mapper>