<?xml version="1.0" encoding="UTF-8"?>
<!DOCTYPE generatorConfiguration
        PUBLIC "-//mybatis.org//DTD MyBatis Generator Configuration 1.0//EN"
        "http://mybatis.org/dtd/mybatis-generator-config_1_0.dtd">
<!-- 配置生成器 -->
<generatorConfiguration>
    <!--执行generator插件生成文件的命令： call mvn mybatis-generator:generate -e -->
    <!-- 引入配置文件 -->
    <properties resource="application.yml"/>
    <!--classPathEntry:数据库的JDBC驱动,换成你自己的驱动位置 可选 -->
    <classPathEntry location="G:\maven_cangku\repository\mysql\mysql-connector-java\8.0.22\mysql-connector-java-8.0.22.jar" />

    <!-- 一个数据库一个context -->
    <!--defaultModelType="flat" 大数据字段，不分表 -->
    <context id="MysqlTables" targetRuntime="MyBatis3Simple" defaultModelType="flat">
        <!-- 自动识别数据库关键字，默认false，如果设置为true，根据SqlReservedWords中定义的关键字列表；
        一般保留默认值，遇到数据库关键字（Java关键字），使用columnOverride覆盖 -->
        <property name="autoDelimitKeywords" value="true" />
        <!-- 生成的Java文件的编码 -->
        <property name="javaFileEncoding" value="utf-8" />
        <!-- beginningDelimiter和endingDelimiter：指明数据库的用于标记数据库对象名的符号，比如ORACLE就是双引号，MYSQL默认是`反引号； -->
        <property name="beginningDelimiter" value="`" />
        <property name="endingDelimiter" value="`" />

        <!-- 格式化java代码 -->
        <property name="javaFormatter" value="org.mybatis.generator.api.dom.DefaultJavaFormatter"/>
        <!-- 格式化XML代码 -->
        <property name="xmlFormatter" value="org.mybatis.generator.api.dom.DefaultXmlFormatter"/>
        <plugin type="org.mybatis.generator.plugins.SerializablePlugin" />

        <plugin type="org.mybatis.generator.plugins.ToStringPlugin" />

        <!-- 注释 -->
        <commentGenerator >
            <property name="suppressAllComments" value="false"/><!-- 是否取消注释 -->
            <property name="suppressDate" value="true" /> <!-- 是否生成注释代时间戳-->
        </commentGenerator>

        <!-- jdbc连接 -->
<!--        <jdbcConnection driverClass="${spring.datasource.driver-class-name}" connectionURL="${spring.datasource.url}" userId="${spring.datasource.username}" password="${spring.datasource.password}" />-->
        <jdbcConnection driverClass="com.mysql.cj.jdbc.Driver"
                        connectionURL="jdbc:mysql://localhost:3306/myblog?serverTimezone=UTC&amp;useUnicode=true&amp;characterEncoding=UTF-8&amp;useSSL=false&amp;allowPublicKeyRetrieval=true
"
                        userId="root"
                        password="014028">
        </jdbcConnection>
        <!-- 类型转换 -->
        <javaTypeResolver>
            <!-- 是否使用bigDecimal， false可自动转化以下类型（Long, Integer, Short, etc.） -->
            <property name="forceBigDecimals" value="false"/>
        </javaTypeResolver>

        <!-- 生成实体类地址 -->
        <javaModelGenerator targetPackage="com.dtborad.myblog.entity" targetProject="./src/main/java" >
            <property name="enableSubPackages" value="false"/>
            <property name="trimStrings" value="true"/>
        </javaModelGenerator>
        <!-- 生成mapper.xml文件 -->
        <sqlMapGenerator targetPackage="mapper" targetProject="./src/main/resources" >
            <property name="enableSubPackages" value="false" />
        </sqlMapGenerator>
        <!-- 生成mapper.xml对应client，也就是接口mapper -->
        <javaClientGenerator targetPackage="com.dtborad.myblog.mapper" targetProject="./src/main/java" type="XMLMAPPER" >
            <property name="enableSubPackages" value="false" />
        </javaClientGenerator>
        <!-- 定义要生成的表 -->
        <table schema="myblog" tableName="Users" enableCountByExample="true" enableUpdateByExample="true" enableDeleteByExample="true" enableSelectByExample="true" selectByExampleQueryId="true">
            <property name="useActualColumnNames" value="false"/>
            <generatedKey column="UserID" sqlStatement="Mysql" identity="true"/>
        </table>

        <table schema="myblog" tableName="Posts" enableCountByExample="true" enableUpdateByExample="true" enableDeleteByExample="true" enableSelectByExample="true" selectByExampleQueryId="true">
            <property name="useActualColumnNames" value="false"/>
            <generatedKey column="PostID" sqlStatement="Mysql" identity="true"/>
        </table>

        <table schema="myblog" tableName="Comments" enableCountByExample="true" enableUpdateByExample="true" enableDeleteByExample="true" enableSelectByExample="true" selectByExampleQueryId="true">
            <property name="useActualColumnNames" value="false"/>
            <generatedKey column="CommentID" sqlStatement="Mysql" identity="true"/>
        </table>

        <table schema="myblog" tableName="Categories" enableCountByExample="true" enableUpdateByExample="true" enableDeleteByExample="true" enableSelectByExample="true" selectByExampleQueryId="true">
            <property name="useActualColumnNames" value="false"/>
            <generatedKey column="CategoryID" sqlStatement="Mysql" identity="true"/>
        </table>

        <table schema="myblog" tableName="Tags" enableCountByExample="true" enableUpdateByExample="true" enableDeleteByExample="true" enableSelectByExample="true" selectByExampleQueryId="true">
            <property name="useActualColumnNames" value="false"/>
            <generatedKey column="TagID" sqlStatement="Mysql" identity="true"/>
        </table>

        <table schema="myblog" tableName="Favorites" enableCountByExample="true" enableUpdateByExample="true" enableDeleteByExample="true" enableSelectByExample="true" selectByExampleQueryId="true">
            <property name="useActualColumnNames" value="false"/>
            <generatedKey column="FavoriteID" sqlStatement="Mysql" identity="true"/>
        </table>

        <table schema="myblog" tableName="Likes" enableCountByExample="true" enableUpdateByExample="true" enableDeleteByExample="true" enableSelectByExample="true" selectByExampleQueryId="true">
            <property name="useActualColumnNames" value="false"/>
            <generatedKey column="LikeID" sqlStatement="Mysql" identity="true"/>
        </table>

        <table schema="myblog" tableName="Follows" enableCountByExample="true" enableUpdateByExample="true" enableDeleteByExample="true" enableSelectByExample="true" selectByExampleQueryId="true">
            <property name="useActualColumnNames" value="false"/>
            <generatedKey column="FollowID" sqlStatement="Mysql" identity="true"/>
        </table>
    </context>
</generatorConfiguration>
